episode,total_reward,steps,epsilon,loss_last
1,-1242.5000,45,0.9950,
2,-1244.5000,45,0.9900,757.539124
3,-1527.0000,53,0.9851,106.417671
4,-1387.0000,45,0.9801,108.150787
5,-1242.5000,45,0.9752,76.497620
6,-1579.0000,51,0.9704,74.550117
7,-1470.5000,47,0.9655,54.396164
8,-1535.5000,52,0.9607,61.243530
9,-1139.5000,45,0.9559,44.685917
10,-1164.0000,45,0.9511,158.767670
11,-1335.5000,45,0.9464,75.235809
12,-1241.0000,45,0.9416,65.127884
13,-1133.5000,45,0.9369,112.504028
14,-1270.0000,45,0.9322,148.737946
15,-1334.5000,45,0.9276,167.027374
16,-1183.0000,45,0.9229,230.684189
17,-1138.5000,45,0.9183,137.829285
18,-1246.5000,45,0.9137,261.984528
19,-1333.0000,45,0.9092,602.655457
20,-1183.5000,45,0.9046,412.106781
21,-1330.0000,45,0.9001,761.232239
22,-1293.5000,45,0.8956,260.243408
23,-1178.0000,45,0.8911,66.326057
24,-1290.5000,45,0.8867,86.421753
25,-1121.0000,45,0.8822,914.772949
26,-1293.5000,45,0.8778,80.380646
27,-1183.0000,45,0.8734,355.820740
28,-1426.0000,47,0.8691,1123.417603
29,-1135.5000,45,0.8647,441.919312
30,-1372.5000,47,0.8604,745.168091
31,-1184.5000,45,0.8561,440.683136
32,-1348.5000,45,0.8518,895.584595
33,-1480.5000,47,0.8475,507.279724
34,-1141.5000,45,0.8433,1808.955688
35,-1178.5000,47,0.8391,968.538452
36,-1490.5000,51,0.8349,558.275696
37,-1674.0000,52,0.8307,1280.064941
38,-1250.5000,45,0.8266,682.224731
39,-1293.5000,45,0.8224,1248.047852
40,-1197.0000,45,0.8183,1182.792236
41,-1313.5000,45,0.8142,1521.454712
42,-1157.5000,45,0.8102,865.952942
43,-1108.5000,45,0.8061,1586.388428
44,-1250.5000,45,0.8021,815.769897
45,-1184.5000,45,0.7981,1064.699463
46,-1178.0000,45,0.7941,1820.417847
47,-1388.0000,45,0.7901,2532.080566
48,-1348.5000,45,0.7862,1022.495850
49,-1291.0000,45,0.7822,3410.824951
50,-1138.5000,45,0.7783,1168.979126
51,-1443.5000,47,0.7744,1124.918701
52,-1333.0000,45,0.7705,103.233093
53,-1178.0000,45,0.7667,210.313263
54,-1291.0000,45,0.7629,1238.758789
55,-1113.0000,45,0.7590,2246.712891
56,-1242.5000,45,0.7553,2330.260010
57,-1261.5000,47,0.7515,2307.345947
58,-1245.5000,45,0.7477,2398.079590
59,-1485.5000,49,0.7440,1337.763794
60,-1250.5000,45,0.7403,1358.405151
61,-1241.0000,45,0.7366,238.070175
62,-1334.0000,45,0.7329,1343.393677
63,-1385.0000,47,0.7292,1415.661865
64,-1192.0000,47,0.7256,1562.833618
65,-1181.0000,45,0.7219,2934.068848
66,-1179.0000,47,0.7183,4200.174805
67,-1232.0000,45,0.7147,3246.799805
68,-1191.0000,47,0.7112,3212.475586
69,-1132.0000,45,0.7076,4985.441895
70,-1092.5000,45,0.7041,1741.596313
71,-1172.0000,47,0.7005,329.039551
72,-1290.5000,45,0.6970,1941.603271
73,-1178.0000,45,0.6936,3563.467041
74,-1177.0000,45,0.6901,3788.548340
75,-1237.0000,45,0.6866,5209.875000
76,-1340.5000,45,0.6832,4006.718262
77,-1137.5000,45,0.6798,2109.353271
78,-1287.0000,45,0.6764,2403.952637
79,-1117.5000,45,0.6730,4140.006348
80,-1132.0000,45,0.6696,5953.536621
1,-1291.0000,45,0.9950,
2,-1333.0000,45,0.9900,896.660156
3,-1333.0000,45,0.9851,259.037048
4,-1378.5000,47,0.9801,110.368217
5,-1388.0000,45,0.9752,84.810883
6,-1387.0000,45,0.9704,445.739166
7,-1333.0000,45,0.9655,78.108521
8,-1290.5000,45,0.9607,55.568474
9,-1445.5000,50,0.9559,40.000404
10,-1329.5000,45,0.9511,30.554228
11,-1222.0000,45,0.9464,72.587692
12,-1293.5000,45,0.9416,140.075104
13,-1385.5000,45,0.9369,76.638046
14,-1319.0000,52,0.9322,32.410370
15,-1257.0000,47,0.9276,207.770615
16,-1390.5000,45,0.9229,146.758545
17,-1307.5000,47,0.9183,141.535919
18,-1388.0000,45,0.9137,53.884125
19,-1233.0000,45,0.9092,266.780914
20,-1499.5000,55,0.9046,237.848740
21,-1184.5000,45,0.9001,96.523865
22,-1388.0000,45,0.8956,242.737305
23,-1362.5000,47,0.8911,891.024170
24,-1241.0000,45,0.8867,671.228210
25,-1157.5000,45,0.8822,375.921631
26,-1662.0000,50,0.8778,331.388885
27,-1242.5000,45,0.8734,367.424805
28,-1390.5000,45,0.8691,529.206665
29,-1250.5000,47,0.8647,899.222290
30,-1291.0000,45,0.8604,832.939636
31,-1335.5000,45,0.8561,496.250244
32,-1315.0000,45,0.8518,137.979630
33,-1128.0000,45,0.8475,1189.092407
34,-1335.5000,45,0.8433,643.877563
35,-1230.0000,45,0.8391,656.764954
36,-1183.0000,45,0.8349,81.575607
37,-1291.0000,45,0.8307,716.931396
38,-1315.5000,47,0.8266,1376.611572
39,-1315.0000,47,0.8224,762.328308
40,-1224.0000,45,0.8183,142.848450
41,-1388.0000,45,0.8142,1032.413574
42,-1241.0000,45,0.8102,990.135986
43,-1293.5000,45,0.8061,2492.558350
44,-1394.0000,50,0.8021,122.663834
45,-1386.0000,50,0.7981,114.611694
46,-1595.5000,51,0.7941,1138.531372
47,-1189.5000,45,0.7901,1194.534668
48,-1089.0000,45,0.7862,120.210533
49,-1676.0000,51,0.7822,2718.471191
50,-1201.0000,47,0.7783,142.354965
51,-1140.5000,45,0.7744,3716.040039
52,-1338.5000,49,0.7705,174.497726
53,-1237.0000,45,0.7667,328.390594
54,-1241.0000,45,0.7629,203.791306
55,-1348.5000,45,0.7590,421.789124
56,-1140.5000,45,0.7553,1670.641846
57,-1144.5000,45,0.7515,191.186554
58,-1121.0000,45,0.7477,1731.083862
59,-1387.0000,45,0.7440,2991.278320
60,-1291.5000,45,0.7403,1785.239136
61,-1287.0000,45,0.7366,264.987488
62,-1386.5000,47,0.7329,3366.896973
63,-1310.0000,47,0.7292,1975.561279
64,-1248.5000,45,0.7256,2049.334961
65,-1131.0000,45,0.7219,216.037201
66,-1290.5000,45,0.7183,1971.919556
67,-1276.0000,45,0.7147,2181.618896
68,-1289.0000,45,0.7112,206.842651
69,-1141.5000,45,0.7076,5867.706055
70,-1133.5000,45,0.7041,2156.104492
71,-1293.5000,45,0.7005,4087.776855
72,-1388.0000,45,0.6970,6122.283203
73,-1250.5000,45,0.6936,262.868347
74,-1124.0000,45,0.6901,7814.064453
75,-1125.5000,45,0.6866,3837.757812
76,-1240.0000,45,0.6832,2652.413574
77,-1281.5000,45,0.6798,785.239380
78,-1330.5000,45,0.6764,2607.217529
79,-1250.5000,47,0.6730,4495.671387
80,-1178.0000,45,0.6696,3014.382080
81,-1269.0000,45,0.6663,7024.027832
82,-1221.0000,45,0.6630,2764.533203
83,-1596.5000,54,0.6597,2639.722900
84,-1283.5000,45,0.6564,2968.278076
85,-1237.0000,45,0.6531,2661.583496
86,-1270.0000,45,0.6498,255.724716
87,-1388.0000,45,0.6466,7912.634766
88,-1237.0000,45,0.6433,325.544830
89,-1344.5000,45,0.6401,7447.780273
90,-1291.0000,48,0.6369,2752.725098
91,-1128.0000,45,0.6337,8048.673340
92,-1421.0000,47,0.6306,2898.959473
93,-1183.0000,45,0.6274,3216.844727
94,-1479.0000,47,0.6243,7997.037109
95,-1105.0000,45,0.6211,5694.038086
96,-1141.5000,45,0.6180,7928.621094
97,-1198.5000,47,0.6149,7959.902344
98,-1348.5000,45,0.6119,438.257141
99,-1313.5000,45,0.6088,518.383911
100,-1140.5000,45,0.6058,6359.633301
101,-1240.0000,45,0.6027,921.577087
102,-1162.5000,45,0.5997,3669.622559
103,-1111.0000,45,0.5967,908.448059
104,-1305.5000,45,0.5937,723.206055
105,-1181.0000,45,0.5908,6193.556641
106,-1344.0000,45,0.5878,3417.746094
107,-1526.5000,57,0.5849,8959.862305
108,-1281.0000,50,0.5820,5950.675293
109,-1129.0000,45,0.5790,3615.616699
110,-1126.0000,45,0.5762,9255.515625
111,-1132.0000,45,0.5733,535.054688
112,-1630.5000,55,0.5704,3852.955566
113,-1234.5000,45,0.5676,9274.284180
114,-1112.0000,45,0.5647,4139.848633
115,-1322.0000,45,0.5619,806.237854
116,-1305.5000,45,0.5591,3568.583496
117,-1291.0000,45,0.5563,3390.305176
118,-1100.5000,45,0.5535,9743.248047
119,-1132.0000,45,0.5507,4092.396729
120,-1334.5000,45,0.5480,7326.374023
121,-1121.0000,45,0.5452,6726.995605
122,-1137.0000,45,0.5425,10669.974609
123,-1074.5000,45,0.5398,4102.418945
124,-1132.0000,45,0.5371,585.266846
125,-1157.0000,46,0.5344,7434.670898
126,-1190.0000,47,0.5318,801.775513
127,-1197.0000,45,0.5291,964.035706
128,-1256.0000,45,0.5264,7681.161133
129,-1496.0000,54,0.5238,4577.988770
130,-1178.0000,45,0.5212,10796.013672
131,-1141.5000,45,0.5186,438.697632
132,-1290.5000,46,0.5160,10480.496094
133,-1308.5000,47,0.5134,1202.644531
134,-1140.5000,45,0.5108,3797.492676
135,-1241.0000,45,0.5083,14010.875977
136,-1174.5000,46,0.5058,4530.969238
137,-1120.0000,45,0.5032,1043.232300
138,-1241.0000,45,0.5007,4374.949707
139,-1361.0000,47,0.4982,3816.805420
140,-1204.0000,47,0.4957,1672.863892
141,-1141.5000,45,0.4932,8291.909180
142,-1192.5000,47,0.4908,8020.013184
143,-1111.5000,45,0.4883,7709.041992
144,-1187.0000,46,0.4859,4285.716797
145,-1132.0000,45,0.4834,1040.541260
146,-1138.5000,45,0.4810,4205.548828
147,-1204.5000,47,0.4786,4193.250000
148,-1135.5000,45,0.4762,1366.398682
149,-1172.0000,47,0.4738,4553.365723
150,-1137.5000,45,0.4715,8408.284180
151,-1151.0000,45,0.4691,11992.021484
152,-1125.0000,45,0.4668,5547.468750
153,-1259.5000,45,0.4644,1157.479858
154,-1260.5000,45,0.4621,4637.859375
155,-1131.0000,45,0.4598,5228.978516
156,-1136.0000,45,0.4575,1148.539307
157,-1270.0000,45,0.4552,12622.196289
158,-1178.0000,45,0.4529,1209.456299
159,-1302.0000,45,0.4507,2953.602051
160,-1116.0000,45,0.4484,4514.373535
161,-1140.5000,45,0.4462,8875.086914
162,-1241.0000,45,0.4440,12532.353516
163,-1184.5000,45,0.4417,1581.881104
164,-1141.5000,45,0.4395,5058.473633
165,-1128.0000,45,0.4373,9536.590820
166,-1170.5000,45,0.4351,12529.312500
167,-1183.0000,45,0.4330,8409.453125
168,-1114.0000,45,0.4308,1017.175720
169,-1185.5000,46,0.4286,791.695923
170,-1112.0000,45,0.4265,12147.692383
171,-1128.0000,45,0.4244,8650.394531
172,-1534.0000,51,0.4223,8382.333984
173,-1348.5000,45,0.4201,6040.495605
174,-1182.0000,46,0.4180,9705.865234
175,-1178.5000,45,0.4159,1508.052734
176,-1212.5000,46,0.4139,5456.038574
177,-1132.0000,45,0.4118,5446.344238
178,-1111.5000,45,0.4097,4852.000977
179,-1141.5000,45,0.4077,8773.495117
180,-1258.0000,45,0.4057,4261.996094
181,-1131.5000,45,0.4036,5805.933594
182,-1132.0000,45,0.4016,16800.097656
183,-1133.5000,45,0.3996,8157.266113
184,-1184.5000,45,0.3976,20990.310547
185,-1114.0000,45,0.3956,4825.779297
186,-1134.0000,45,0.3936,11666.977539
187,-1179.5000,45,0.3917,9167.400391
188,-1752.5000,54,0.3897,9822.527344
189,-1135.5000,45,0.3878,4627.615723
190,-1117.0000,45,0.3858,8724.174805
191,-1139.5000,45,0.3839,1038.772217
192,-1290.5000,45,0.3820,4242.156250
193,-1132.0000,45,0.3801,4651.413086
194,-1293.5000,45,0.3782,8717.240234
195,-1345.0000,45,0.3763,9568.583008
196,-1387.5000,49,0.3744,4950.920898
197,-1330.5000,45,0.3725,4502.651367
198,-1133.5000,45,0.3707,1662.038940
199,-1132.0000,45,0.3688,4440.477051
200,-1380.5000,52,0.3670,4545.876465
201,-1117.0000,45,0.3651,19884.251953
202,-1078.5000,45,0.3633,4945.760742
203,-1080.5000,45,0.3615,5156.754883
204,-1133.0000,45,0.3597,1307.679199
205,-1248.5000,45,0.3579,5559.112305
206,-1131.5000,45,0.3561,5689.136230
207,-1141.5000,45,0.3543,13897.154297
208,-1228.5000,45,0.3525,9044.513672
209,-1262.5000,45,0.3508,5478.511719
210,-1126.0000,45,0.3490,9441.551758
211,-1246.5000,45,0.3473,22484.277344
212,-1145.0000,45,0.3455,5086.087891
213,-1140.5000,45,0.3438,17204.484375
214,-1107.0000,45,0.3421,1032.408447
215,-1111.0000,45,0.3404,707.041260
216,-1136.5000,46,0.3387,5962.790527
217,-1070.5000,45,0.3370,5239.356445
218,-1476.0000,52,0.3353,1707.180908
219,-1191.5000,47,0.3336,5995.225586
220,-1474.5000,52,0.3320,5130.690430
221,-1123.0000,45,0.3303,13667.515625
222,-1181.5000,47,0.3286,10110.686523
223,-1128.5000,45,0.3270,5812.053223
224,-1289.5000,45,0.3254,2184.333008
225,-1512.0000,56,0.3237,1138.544312
226,-1135.5000,45,0.3221,6224.832031
227,-1131.5000,45,0.3205,8881.071289
228,-1358.5000,54,0.3189,2980.700684
229,-1168.5000,46,0.3173,1138.194824
230,-1116.5000,45,0.3157,4861.806152
231,-1113.5000,46,0.3141,8182.318359
232,-1286.0000,45,0.3126,8651.056641
233,-1215.0000,46,0.3110,5296.326172
234,-1223.0000,48,0.3095,9731.277344
235,-1132.0000,46,0.3079,5625.358887
236,-1229.5000,45,0.3064,4918.298340
237,-1126.5000,45,0.3048,9516.983398
238,-1237.5000,45,0.3033,13703.589844
239,-1178.0000,48,0.3018,16190.625977
240,-1531.0000,54,0.3003,1277.486816
241,-1171.0000,47,0.2988,8791.991211
242,-1271.0000,45,0.2973,5346.049805
243,-1364.5000,52,0.2958,1713.826782
244,-1225.0000,45,0.2943,9959.751953
245,-1294.5000,46,0.2929,11150.184570
246,-1168.5000,46,0.2914,1957.399658
247,-1197.0000,45,0.2899,9815.162109
248,-1104.5000,45,0.2885,5620.295898
249,-1234.5000,46,0.2870,6073.486328
250,-1193.0000,47,0.2856,6143.421875
251,-1123.0000,45,0.2842,8474.640625
252,-1117.5000,46,0.2828,4799.213379
253,-1108.0000,45,0.2813,3938.465088
254,-1137.5000,45,0.2799,5550.478027
255,-1904.0000,65,0.2785,3544.213867
256,-1300.5000,45,0.2771,5007.050781
257,-1186.5000,47,0.2758,8635.302734
258,-1142.0000,46,0.2744,4273.208984
259,-1524.0000,54,0.2730,4026.229248
260,-1157.5000,47,0.2716,2581.006348
261,-1568.0000,58,0.2703,10911.961914
262,-1141.5000,46,0.2689,1920.141602
263,-1129.5000,45,0.2676,2083.679199
264,-1124.0000,45,0.2663,2335.240479
265,-1167.0000,46,0.2649,4576.460449
266,-1134.0000,45,0.2636,11514.091797
267,-1104.5000,45,0.2623,4542.816895
268,-1140.5000,45,0.2610,4683.100098
269,-1135.5000,45,0.2597,3278.447998
270,-1150.0000,46,0.2584,5190.653320
271,-1110.5000,45,0.2571,5369.360840
272,-1096.5000,45,0.2558,5317.064941
273,-1364.5000,53,0.2545,7185.304199
274,-1137.0000,45,0.2532,11395.831055
275,-1141.5000,45,0.2520,12492.398438
276,-1345.0000,54,0.2507,5487.373047
277,-1128.0000,45,0.2495,10794.498047
278,-1255.5000,45,0.2482,3428.701172
279,-1108.0000,45,0.2470,4756.006836
280,-1097.5000,45,0.2457,5574.940430
281,-1119.5000,45,0.2445,4077.087646
282,-1184.5000,45,0.2433,1117.446411
283,-1114.5000,45,0.2421,1527.778442
284,-1139.5000,45,0.2409,8153.553711
285,-1112.0000,47,0.2397,4497.306152
286,-1139.5000,45,0.2385,2164.663818
287,-1144.5000,45,0.2373,1537.439697
288,-1271.5000,46,0.2361,13696.856445
289,-1070.0000,45,0.2349,11917.470703
290,-1128.0000,45,0.2337,6372.122070
291,-1120.0000,45,0.2326,4235.852539
292,-1159.5000,46,0.2314,5358.145020
293,-1427.0000,52,0.2302,7469.608887
294,-1264.0000,51,0.2291,3928.552246
295,-1346.5000,45,0.2279,2662.944092
296,-1231.0000,46,0.2268,7687.449219
297,-1103.0000,45,0.2257,6536.943848
298,-1290.5000,45,0.2245,13438.251953
299,-1134.0000,46,0.2234,5969.859375
300,-1266.0000,47,0.2223,3934.135254
301,-1176.0000,47,0.2212,4627.845215
302,-1129.0000,45,0.2201,4053.195557
303,-1141.5000,45,0.2190,4823.840332
304,-1126.5000,45,0.2179,8276.374023
305,-1151.0000,45,0.2168,8821.320312
306,-1141.0000,45,0.2157,7195.737305
307,-1124.0000,45,0.2146,4219.671875
308,-1150.0000,45,0.2136,9143.918945
309,-1267.0000,46,0.2125,3822.805420
310,-1126.0000,45,0.2114,1652.589233
311,-1133.5000,45,0.2104,1212.609741
312,-1189.0000,45,0.2093,2081.228516
313,-1131.0000,45,0.2083,7583.676270
314,-1105.5000,45,0.2072,4250.549316
315,-1120.5000,45,0.2062,4537.813965
316,-1154.0000,46,0.2052,3035.635010
317,-1185.5000,45,0.2041,1617.994507
318,-1183.0000,45,0.2031,7367.044922
319,-1236.5000,46,0.2021,11200.909180
320,-1132.5000,45,0.2011,5939.171875
321,-1133.0000,45,0.2001,1160.571533
322,-1116.0000,46,0.1991,4044.744629
323,-1088.0000,45,0.1981,6265.314941
324,-1100.0000,45,0.1971,5831.948242
325,-1125.5000,45,0.1961,4140.328613
326,-1124.0000,46,0.1951,7316.476074
327,-1091.5000,45,0.1942,6735.697754
328,-1103.5000,45,0.1932,6922.530273
329,-1249.0000,45,0.1922,1484.088867
330,-1319.0000,45,0.1913,4605.744629
331,-1124.0000,45,0.1903,4564.814453
332,-1094.0000,45,0.1893,3799.340332
333,-1131.0000,45,0.1884,3944.789062
334,-1144.5000,45,0.1875,5239.793945
335,-1113.0000,45,0.1865,5582.215820
336,-1141.5000,45,0.1856,2519.327148
337,-1133.0000,46,0.1847,6980.184570
338,-1100.5000,45,0.1837,1435.439209
339,-1136.5000,45,0.1828,7276.152832
340,-1140.0000,45,0.1819,6601.399902
341,-1195.5000,45,0.1810,10640.189453
342,-1141.5000,45,0.1801,2433.568604
343,-1063.0000,45,0.1792,3748.847656
344,-1296.0000,45,0.1783,5644.719238
345,-1280.5000,53,0.1774,3153.135498
346,-1141.5000,45,0.1765,3348.726562
347,-1141.0000,45,0.1756,4425.273438
348,-1182.0000,47,0.1748,7739.871094
349,-1260.5000,45,0.1739,6738.059082
350,-1099.0000,45,0.1730,4323.337402
351,-1112.5000,45,0.1721,4476.880859
352,-1245.5000,52,0.1713,5894.267090
353,-1124.0000,45,0.1704,3667.834229
354,-1119.5000,45,0.1696,15998.971680
355,-1084.0000,45,0.1687,4094.070801
356,-1111.0000,45,0.1679,5491.575195
357,-1265.0000,49,0.1670,4921.546875
358,-1343.5000,54,0.1662,2966.959961
359,-1349.5000,45,0.1654,2261.454590
360,-1144.0000,45,0.1646,4010.296387
361,-1138.0000,45,0.1637,1985.160156
362,-1135.0000,45,0.1629,13761.616211
363,-1102.5000,45,0.1621,9680.925781
364,-1114.0000,45,0.1613,6576.221680
365,-1098.0000,45,0.1605,6575.781250
366,-1113.5000,45,0.1597,9453.702148
367,-1131.5000,46,0.1589,1345.172363
368,-1144.0000,46,0.1581,7572.789551
369,-1066.0000,45,0.1573,3336.197754
370,-1098.5000,45,0.1565,4202.582031
371,-1165.5000,45,0.1557,5412.500977
372,-1137.0000,46,0.1549,7346.673828
373,-1138.5000,46,0.1542,7221.950684
374,-1154.0000,46,0.1534,3440.896729
375,-1149.0000,46,0.1526,4345.055664
376,-1154.0000,45,0.1519,5696.796875
377,-1111.5000,45,0.1511,10622.404297
378,-1103.0000,45,0.1504,5690.366211
379,-1117.5000,46,0.1496,3713.241699
380,-1121.5000,46,0.1489,3815.287354
381,-1097.0000,45,0.1481,6171.316406
382,-1093.0000,46,0.1474,4577.666016
383,-1150.5000,46,0.1466,2778.187500
384,-1095.0000,45,0.1459,2700.300293
385,-1350.5000,45,0.1452,7360.955078
386,-1123.0000,45,0.1444,3487.571289
387,-1146.0000,46,0.1437,9504.675781
388,-1081.0000,45,0.1430,3858.882568
389,-1183.5000,45,0.1423,5000.839844
390,-1101.0000,45,0.1416,8338.745117
391,-1089.0000,46,0.1409,2249.997314
392,-1073.5000,45,0.1402,3830.164551
393,-1127.0000,45,0.1395,4792.598145
394,-1141.0000,45,0.1388,7540.041016
395,-1118.5000,45,0.1381,3555.737061
396,-1093.0000,45,0.1374,9160.012695
397,-1115.0000,45,0.1367,5753.141113
398,-1114.5000,45,0.1360,5389.936523
399,-1106.5000,45,0.1353,5027.869629
400,-1132.5000,45,0.1347,8633.122070
401,-1105.0000,45,0.1340,9029.937500
402,-1113.5000,45,0.1333,7749.668945
403,-1076.0000,45,0.1326,7501.595215
404,-1141.0000,45,0.1320,5168.008301
405,-1101.5000,45,0.1313,6848.878906
406,-1095.5000,45,0.1307,3393.625488
407,-1139.5000,45,0.1300,7011.695312
408,-1141.5000,45,0.1294,5298.909180
409,-1098.0000,45,0.1287,4786.899902
410,-1109.0000,45,0.1281,4697.086914
411,-1092.5000,45,0.1274,4427.838379
412,-1066.5000,45,0.1268,4067.958008
413,-1140.0000,45,0.1262,6054.573242
414,-1081.0000,45,0.1255,5562.896484
415,-1083.0000,45,0.1249,6775.055176
416,-1094.5000,45,0.1243,3591.803223
417,-1064.5000,45,0.1237,3169.593506
418,-1147.0000,45,0.1230,3896.799805
419,-1182.5000,45,0.1224,8891.312500
420,-1184.5000,45,0.1218,6799.533691
421,-1127.0000,45,0.1212,6950.944824
422,-1184.5000,45,0.1206,2402.624023
423,-1108.5000,45,0.1200,4859.210938
424,-1111.0000,45,0.1194,1354.662964
425,-1145.5000,46,0.1188,7808.717773
426,-1246.5000,53,0.1182,5531.083984
427,-1083.5000,45,0.1176,4894.640137
428,-1107.0000,45,0.1170,12073.545898
429,-1134.5000,45,0.1164,6632.829102
430,-1127.0000,45,0.1159,4295.649414
431,-1239.5000,45,0.1153,5879.833984
432,-1111.0000,45,0.1147,4722.777832
433,-1113.5000,45,0.1141,5771.534180
434,-1140.5000,45,0.1136,10460.323242
435,-1088.5000,45,0.1130,4937.171387
436,-1112.0000,45,0.1124,2986.846436
437,-1083.0000,45,0.1119,2620.037109
438,-1141.5000,45,0.1113,8385.586914
439,-1104.0000,45,0.1107,3391.494141
440,-1337.5000,45,0.1102,7536.950684
441,-1090.5000,45,0.1096,1069.879761
442,-1116.0000,45,0.1091,5450.426270
443,-1115.5000,45,0.1085,5202.715332
444,-1115.5000,45,0.1080,6140.569336
445,-1141.0000,45,0.1075,6323.564453
446,-1143.5000,45,0.1069,4491.676758
447,-1100.5000,45,0.1064,2660.831543
448,-1141.5000,45,0.1059,5931.249023
449,-1123.0000,45,0.1053,2865.180664
450,-1124.0000,45,0.1048,2094.951172
451,-1214.0000,45,0.1043,2701.540039
452,-1091.0000,45,0.1038,5833.041504
453,-1135.5000,45,0.1032,3136.495117
454,-1094.5000,45,0.1027,3952.894043
455,-1120.5000,46,0.1022,3077.988037
456,-1114.0000,45,0.1017,2957.074219
457,-1136.0000,45,0.1012,8036.519043
458,-1161.5000,48,0.1007,7050.040039
459,-1130.5000,45,0.1002,2910.158936
460,-1102.5000,45,0.0997,6502.796387
461,-1164.5000,45,0.0992,2155.535645
462,-1102.5000,45,0.0987,8516.083008
463,-1141.5000,45,0.0982,5003.888672
464,-1141.5000,45,0.0977,4940.219727
465,-1114.0000,45,0.0972,8521.188477
466,-1138.5000,45,0.0967,1898.384888
467,-1095.0000,45,0.0962,3852.861572
468,-1133.0000,45,0.0958,5658.267090
469,-1183.5000,45,0.0953,3684.375488
470,-1141.5000,45,0.0948,5015.434570
471,-1100.5000,45,0.0943,6430.797363
472,-1140.5000,45,0.0939,5358.731934
473,-1153.5000,45,0.0934,3491.264648
474,-1121.0000,45,0.0929,3712.944336
475,-1141.5000,45,0.0925,2930.905273
476,-1113.0000,45,0.0920,4112.406738
477,-1141.5000,45,0.0915,4388.516602
478,-1130.5000,45,0.0911,4354.383789
479,-1147.5000,46,0.0906,2874.862305
480,-1125.0000,45,0.0902,6820.915039
481,-1100.5000,45,0.0897,7758.468750
482,-1145.0000,45,0.0893,1691.158325
483,-1110.5000,45,0.0888,4776.791016
484,-1131.5000,45,0.0884,4662.740234
485,-1109.0000,45,0.0879,5833.963379
486,-1141.5000,45,0.0875,7630.371094
487,-1092.5000,45,0.0871,1933.343140
488,-1183.5000,45,0.0866,7318.385254
489,-1141.5000,45,0.0862,3680.294434
490,-1240.0000,45,0.0858,853.504028
491,-1102.5000,45,0.0853,9789.006836
492,-1343.5000,45,0.0849,783.583496
493,-1284.5000,45,0.0845,6287.653320
494,-1154.0000,45,0.0841,5647.883301
495,-1178.5000,45,0.0836,4227.484375
496,-1110.5000,45,0.0832,6447.228027
497,-1141.5000,45,0.0828,945.968628
498,-1090.5000,45,0.0824,3270.694580
499,-1141.5000,45,0.0820,5546.437500
500,-1121.0000,45,0.0816,2145.540527
1,-154.0000,34,0.9950,
2,-150.5000,34,0.9900,37.082806
3,-168.5000,34,0.9851,21.291399
4,-150.0000,34,0.9801,16.214516
5,-154.0000,34,0.9752,15.947163
6,-166.0000,34,0.9704,15.453810
7,-170.5000,34,0.9655,13.664248
8,-162.0000,34,0.9607,25.826435
9,-160.5000,34,0.9559,11.828745
10,-152.0000,34,0.9511,11.294794
11,-150.0000,34,0.9464,11.942450
12,-164.5000,34,0.9416,6.956237
13,-181.5000,36,0.9369,6.134536
14,-155.0000,34,0.9322,14.062407
15,-152.5000,34,0.9276,8.554214
16,-170.5000,34,0.9229,7.676031
17,-167.0000,34,0.9183,9.851789
18,-151.0000,34,0.9137,8.790817
19,-166.0000,34,0.9092,8.679541
20,-181.5000,36,0.9046,17.487211
1,-154.0000,34,0.9950,
2,-170.0000,34,0.9900,38.807991
3,-171.0000,34,0.9851,22.952515
4,-146.5000,34,0.9801,15.797091
5,-148.5000,34,0.9752,17.282627
6,-168.5000,34,0.9704,15.324092
7,-153.0000,34,0.9655,11.904087
8,-164.0000,34,0.9607,19.415850
9,-150.0000,34,0.9559,16.160934
10,-166.0000,34,0.9511,14.370909
11,-167.0000,34,0.9464,14.801193
12,-167.0000,34,0.9416,10.318007
13,-155.0000,34,0.9369,7.626367
14,-166.0000,34,0.9322,19.219746
15,-164.0000,34,0.9276,13.117262
16,-155.0000,34,0.9229,11.580020
17,-150.0000,34,0.9183,9.047066
18,-156.5000,34,0.9137,5.424557
19,-152.0000,34,0.9092,10.484901
20,-150.0000,34,0.9046,16.477448
21,-153.5000,34,0.9001,18.250618
22,-166.0000,34,0.8956,18.045454
23,-154.0000,34,0.8911,22.008949
24,-152.5000,34,0.8867,13.846488
25,-150.5000,34,0.8822,14.709015
26,-168.5000,34,0.8778,19.178009
27,-154.0000,34,0.8734,28.300695
28,-159.5000,34,0.8691,23.468624
29,-166.0000,34,0.8647,39.965836
30,-165.5000,34,0.8604,26.101286
31,-167.0000,34,0.8561,20.214483
32,-146.5000,34,0.8518,36.768410
33,-165.0000,34,0.8475,33.416527
34,-150.5000,34,0.8433,30.877275
35,-173.5000,34,0.8391,71.866554
36,-178.0000,36,0.8349,41.629425
37,-158.0000,34,0.8307,50.660007
38,-168.0000,34,0.8266,68.625854
39,-179.5000,35,0.8224,33.277271
40,-194.5000,36,0.8183,105.214279
41,-167.5000,34,0.8142,32.067249
42,-154.0000,34,0.8102,29.580441
43,-169.0000,34,0.8061,40.810066
44,-154.5000,34,0.8021,43.532425
45,-150.0000,34,0.7981,63.387245
46,-155.5000,34,0.7941,27.782635
47,-150.5000,34,0.7901,48.146126
48,-165.5000,34,0.7862,37.623596
49,-150.5000,34,0.7822,51.906414
50,-146.0000,34,0.7783,67.746048
51,-164.0000,34,0.7744,37.378323
52,-152.5000,34,0.7705,65.510666
53,-154.0000,34,0.7667,103.232239
54,-159.0000,34,0.7629,90.803360
55,-146.0000,34,0.7590,30.163361
56,-159.0000,34,0.7553,48.024429
57,-148.5000,34,0.7515,37.243031
58,-166.0000,34,0.7477,101.001259
59,-174.5000,34,0.7440,58.443047
60,-195.5000,38,0.7403,43.317139
61,-168.5000,34,0.7366,97.011757
62,-171.5000,34,0.7329,22.036936
63,-152.0000,34,0.7292,43.713085
64,-174.5000,34,0.7256,59.760067
65,-155.0000,34,0.7219,39.482914
66,-155.5000,34,0.7183,30.291119
67,-187.0000,36,0.7147,67.996712
68,-150.5000,34,0.7112,95.181152
69,-150.5000,34,0.7076,61.909077
70,-163.0000,34,0.7041,38.352776
71,-144.5000,34,0.7005,65.836067
72,-151.5000,34,0.6970,59.917347
73,-169.5000,34,0.6936,87.854408
74,-170.0000,34,0.6901,62.278900
75,-175.5000,36,0.6866,35.289856
76,-284.5000,43,0.6832,60.118492
77,-149.5000,34,0.6798,68.964058
78,-148.5000,34,0.6764,52.312756
79,-160.5000,34,0.6730,56.703773
80,-154.0000,34,0.6696,33.893444
81,-149.0000,34,0.6663,104.024979
82,-372.0000,47,0.6630,63.314026
83,-151.0000,34,0.6597,51.144360
84,-170.0000,34,0.6564,91.078842
85,-165.0000,34,0.6531,45.816067
86,-147.5000,34,0.6498,59.549934
87,-169.0000,34,0.6466,28.878941
88,-175.5000,36,0.6433,26.905636
89,-154.5000,34,0.6401,33.428783
90,-173.5000,34,0.6369,32.462761
91,-163.0000,34,0.6337,27.193584
92,-197.5000,36,0.6306,24.948507
93,-152.5000,34,0.6274,61.683159
94,-223.5000,40,0.6243,74.259468
95,-165.5000,34,0.6211,24.931431
96,-153.0000,34,0.6180,39.151257
97,-197.0000,36,0.6149,47.438942
98,-181.0000,36,0.6119,48.813576
99,-151.0000,34,0.6088,26.870232
100,-151.5000,34,0.6058,41.271816
101,-150.0000,34,0.6027,22.655685
102,-168.5000,34,0.5997,43.700417
103,-182.5000,36,0.5967,57.872379
104,-194.5000,36,0.5937,43.849312
105,-150.5000,34,0.5908,21.064054
106,-151.0000,34,0.5878,22.269196
107,-156.0000,34,0.5849,39.161438
108,-151.5000,34,0.5820,68.980537
109,-150.5000,34,0.5790,31.738312
110,-201.5000,36,0.5762,22.923496
111,-154.5000,34,0.5733,24.180368
112,-199.0000,36,0.5704,28.729122
113,-194.5000,38,0.5676,97.906555
114,-246.0000,41,0.5647,26.194244
115,-151.5000,34,0.5619,27.377180
116,-158.0000,34,0.5591,21.652534
117,-191.5000,37,0.5563,18.961082
118,-169.5000,34,0.5535,24.540550
119,-176.0000,36,0.5507,57.431519
120,-167.5000,34,0.5480,48.691174
121,-241.0000,41,0.5452,14.533812
122,-277.0000,42,0.5425,21.252094
123,-171.0000,34,0.5398,32.216171
124,-170.0000,34,0.5371,30.405861
125,-175.0000,36,0.5344,43.772831
126,-152.0000,34,0.5318,20.439915
127,-164.5000,34,0.5291,40.323532
128,-194.5000,36,0.5264,29.847198
129,-167.5000,34,0.5238,45.490116
130,-172.5000,34,0.5212,32.620480
131,-157.5000,34,0.5186,202.520706
132,-245.0000,41,0.5160,25.303402
133,-227.0000,40,0.5134,24.487419
134,-192.0000,36,0.5108,33.424442
135,-156.0000,34,0.5083,32.360111
136,-194.5000,36,0.5058,46.337444
137,-396.5000,46,0.5032,31.048237
138,-148.5000,34,0.5007,24.283142
139,-511.0000,51,0.4982,45.804405
140,-234.0000,40,0.4957,37.093670
141,-154.0000,34,0.4932,29.090132
142,-162.0000,34,0.4908,42.802105
143,-243.5000,41,0.4883,30.271784
144,-345.0000,46,0.4859,34.192791
145,-165.0000,34,0.4834,45.443729
146,-194.0000,38,0.4810,237.292633
147,-154.5000,34,0.4786,96.463158
148,-165.0000,34,0.4762,32.042725
149,-176.0000,34,0.4738,31.227173
150,-167.0000,34,0.4715,48.460426
1,-31.6600,34,0.9950,
2,-34.8400,34,0.9900,2.549639
3,-35.0800,34,0.9851,2.067270
4,-31.5400,34,0.9801,1.620143
5,-35.9200,34,0.9752,1.894241
6,-35.4400,34,0.9704,1.454517
7,-32.0200,34,0.9655,1.771164
8,-35.6800,34,0.9607,1.787788
9,-34.3600,34,0.9559,1.134554
10,-34.9600,34,0.9511,1.169516
11,-157.6661,48,0.9464,1.374203
12,-64.7090,40,0.9416,1.690316
13,-35.6800,34,0.9369,2.075250
14,-35.0800,34,0.9322,1.474762
15,-33.0400,34,0.9276,1.766128
16,-31.1800,34,0.9229,1.026871
17,-35.7400,34,0.9183,3.389411
18,-32.2600,34,0.9137,1.037444
19,-35.6800,34,0.9092,5.088918
20,-31.6000,34,0.9046,3.115137
21,-35.7400,34,0.9001,1.276117
22,-31.8400,34,0.8956,2.851508
23,-34.9600,34,0.8911,2.884541
24,-31.7200,34,0.8867,2.469355
25,-31.4200,34,0.8822,2.633121
26,-34.1200,34,0.8778,3.569751
27,-35.3200,34,0.8734,1.823786
28,-30.8800,34,0.8691,2.610969
29,-37.3500,34,0.8647,1.474602
30,-31.2400,34,0.8604,1.704080
31,-34.6600,34,0.8561,2.110239
32,-34.6400,34,0.8518,2.390702
33,-35.0800,34,0.8475,3.840898
34,-32.0200,34,0.8433,4.006015
35,-33.0400,34,0.8391,2.241256
36,-32.7400,34,0.8349,1.980558
37,-31.9000,34,0.8307,3.981299
38,-31.9000,34,0.8266,2.577461
39,-33.0400,34,0.8224,1.625589
40,-32.0800,34,0.8183,3.203541
41,-34.9600,34,0.8142,2.202023
42,-32.6100,34,0.8102,2.103820
43,-33.9400,34,0.8061,2.299870
44,-31.4200,34,0.8021,1.581683
45,-31.9000,34,0.7981,2.359560
46,-31.0600,34,0.7941,1.802334
47,-31.9600,34,0.7901,1.759251
48,-31.3000,34,0.7862,1.539291
49,-33.3300,34,0.7822,1.767366
50,-31.4200,34,0.7783,1.691864
51,-34.1200,34,0.7744,1.855548
52,-34.3600,34,0.7705,1.564529
53,-31.9000,34,0.7667,2.418269
54,-35.8000,34,0.7629,1.531353
55,-34.0000,34,0.7590,1.913984
56,-36.0900,34,0.7553,1.359375
57,-34.8400,34,0.7515,1.336098
58,-35.5600,34,0.7477,2.546554
59,-34.7200,34,0.7440,2.171066
60,-35.5000,34,0.7403,1.781160
61,-32.2600,34,0.7366,1.598310
62,-33.7000,34,0.7329,0.377926
63,-31.7800,34,0.7292,0.711908
64,-32.0800,34,0.7256,1.012716
65,-34.1200,34,0.7219,1.131876
66,-34.8400,34,0.7183,4.905590
67,-32.9200,34,0.7147,2.270151
68,-34.1200,34,0.7112,1.571784
69,-34.8400,34,0.7076,1.136214
70,-34.4800,34,0.7041,3.635834
71,-38.4200,34,0.7005,1.077773
72,-36.5200,34,0.6970,3.938527
73,-32.1300,34,0.6936,1.181904
74,-34.1200,34,0.6901,1.161524
75,-32.7400,34,0.6866,1.644829
76,-37.1100,34,0.6832,3.069393
77,-32.7400,34,0.6798,3.948841
78,-33.6400,34,0.6764,2.702945
79,-36.2800,34,0.6730,3.379099
80,-34.1200,34,0.6696,2.456678
81,-33.1000,34,0.6663,4.437011
82,-34.5400,34,0.6630,2.501345
83,-34.1200,34,0.6597,1.748964
84,-35.0800,34,0.6564,2.949030
85,-34.4000,34,0.6531,2.900038
86,-32.6000,34,0.6498,2.863625
87,-33.2200,34,0.6466,1.922347
88,-35.0800,34,0.6433,2.760716
89,-35.0800,34,0.6401,9.215362
90,-35.4400,34,0.6369,0.923002
91,-34.1200,34,0.6337,1.303851
92,-35.0800,34,0.6306,2.049992
93,-32.2000,34,0.6274,1.754901
94,-36.1600,34,0.6243,1.633079
95,-35.8000,34,0.6211,1.211206
96,-34.7800,34,0.6180,1.276338
97,-31.9600,34,0.6149,0.824395
98,-34.5400,34,0.6119,0.891346
99,-32.7400,34,0.6088,1.138149
100,-35.0800,34,0.6058,0.886682
101,-35.5000,34,0.6027,0.332290
102,-34.5400,34,0.5997,0.891608
103,-34.1800,34,0.5967,0.652741
104,-34.1200,34,0.5937,0.782519
105,-34.1200,34,0.5908,0.728461
106,-35.3200,34,0.5878,0.798725
107,-32.6800,34,0.5849,0.561948
108,-32.7400,34,0.5820,1.291797
109,-36.1600,34,0.5790,0.928346
110,-33.0400,34,0.5762,0.738484
111,-31.4200,34,0.5733,0.599749
112,-32.8600,34,0.5704,0.789718
113,-34.1200,34,0.5676,9.707731
114,-30.5800,34,0.5647,0.825674
115,-34.3600,34,0.5619,1.722854
116,-35.7400,34,0.5591,0.714360
117,-34.1200,34,0.5563,0.840885
118,-35.7400,34,0.5535,0.931828
119,-35.0800,34,0.5507,1.832156
120,-35.1400,34,0.5480,1.841000
121,-31.6000,34,0.5452,1.157726
122,-34.7800,34,0.5425,0.648750
123,-31.4200,34,0.5398,0.876464
124,-31.4200,34,0.5371,1.019668
125,-32.8600,34,0.5344,1.306393
126,-32.8600,34,0.5318,1.733374
127,-34.7200,34,0.5291,1.080424
128,-34.3600,34,0.5264,1.567808
129,-35.0800,34,0.5238,1.145351
130,-34.3600,34,0.5212,0.966530
131,-34.3600,34,0.5186,3.001519
132,-36.1600,34,0.5160,1.560647
133,-34.3600,34,0.5134,1.204444
134,-35.3200,34,0.5108,1.520241
135,-35.3200,34,0.5083,1.063867
136,-34.3600,34,0.5058,0.912243
137,-34.1800,34,0.5032,1.866844
138,-34.1800,34,0.5007,1.551237
139,-32.7400,34,0.4982,2.118676
140,-31.4200,34,0.4957,1.510614
141,-31.9000,34,0.4932,1.322905
142,-32.7400,34,0.4908,1.229462
143,-34.7200,34,0.4883,1.912935
144,-68.1966,41,0.4859,1.388083
145,-31.7800,34,0.4834,13.760874
146,-31.4200,34,0.4810,1.639251
147,-39.4000,36,0.4786,1.386382
148,-35.3200,34,0.4762,1.133886
149,-28.7500,34,0.4738,1.712220
150,-30.9400,34,0.4715,1.195341
151,-34.4800,34,0.4691,1.292618
152,-31.4200,34,0.4668,1.091509
153,-35.3200,34,0.4644,1.687350
154,-31.7800,34,0.4621,1.340111
155,-31.4200,34,0.4598,1.390855
156,-31.7800,34,0.4575,1.366879
157,-32.8000,34,0.4552,0.893732
158,-36.6400,34,0.4529,6.509356
159,-31.9000,34,0.4507,1.360428
160,-31.7800,34,0.4484,2.074095
161,-31.4200,34,0.4462,1.782871
162,-31.9600,34,0.4440,1.335800
163,-39.2200,36,0.4417,1.166129
164,-31.7800,34,0.4395,0.636813
165,-38.5000,36,0.4373,1.015263
166,-31.9000,34,0.4351,0.816442
167,-31.4200,34,0.4330,0.911515
168,-31.4200,34,0.4308,2.955536
169,-31.4200,34,0.4286,0.994072
170,-41.5600,36,0.4265,1.112273
171,-31.7800,34,0.4244,0.849436
172,-33.4600,34,0.4223,0.998177
173,-33.4000,34,0.4201,1.068191
174,-31.9000,34,0.4180,0.803441
175,-32.7400,34,0.4159,0.646021
176,-32.7400,34,0.4139,0.828245
177,-34.3000,34,0.4118,0.677812
178,-31.4200,34,0.4097,0.979306
179,-32.3200,34,0.4077,0.879847
180,-31.9600,34,0.4057,0.777891
181,-31.9000,34,0.4036,0.630876
182,-32.2600,34,0.4016,0.645494
183,-33.4600,34,0.3996,0.728468
184,-38.5000,36,0.3976,0.833230
185,-31.5400,34,0.3956,0.503098
186,-31.0600,34,0.3936,0.710072
187,-31.4200,34,0.3917,0.767153
188,-31.4200,34,0.3897,0.549758
189,-31.7800,34,0.3878,0.670371
190,-32.7400,34,0.3858,1.453694
191,-32.7400,34,0.3839,0.492249
192,-41.0700,36,0.3820,1.047757
193,-35.4400,34,0.3801,1.029441
194,-32.6800,34,0.3782,0.585663
195,-34.1200,34,0.3763,0.763418
196,-35.2000,34,0.3744,0.460911
197,-33.1000,34,0.3725,0.521418
198,-33.0400,34,0.3707,0.766697
199,-33.1000,34,0.3688,0.467533
200,-33.4600,34,0.3670,0.687871
1,single_agent,-245.6805,86,0.9950,7.624517
2,single_agent,-279.5152,88,0.9900,5.667536
3,single_agent,-230.0494,86,0.9851,2.467734
4,single_agent,-262.3304,88,0.9801,3.305659
5,single_agent,-256.3544,88,0.9752,4.911399
6,single_agent,-297.1234,92,0.9704,5.256807
7,single_agent,-299.8895,93,0.9655,2.991636
8,single_agent,-323.1884,94,0.9607,4.453899
9,single_agent,-253.7526,88,0.9559,5.461068
10,single_agent,-249.8677,86,0.9511,6.293943
11,single_agent,-253.7699,88,0.9464,4.029320
12,single_agent,-263.9939,86,0.9416,7.458226
13,single_agent,-263.6705,88,0.9369,9.168455
14,single_agent,-261.3485,86,0.9322,8.522730
15,single_agent,-244.8137,87,0.9276,5.835452
16,single_agent,-247.2627,88,0.9229,15.886858
17,single_agent,-254.4320,86,0.9183,17.404013
18,single_agent,-262.8521,89,0.9137,8.003605
19,single_agent,-279.1228,88,0.9092,15.121417
20,single_agent,-232.6862,86,0.9046,9.539042
21,single_agent,-261.2797,88,0.9001,9.605718
22,single_agent,-297.1631,90,0.8956,11.032034
23,single_agent,-269.6741,88,0.8911,10.619183
24,single_agent,-282.9607,88,0.8867,6.826677
25,single_agent,-254.9205,88,0.8822,11.380698
26,single_agent,-252.4492,86,0.8778,6.714645
27,single_agent,-230.1908,86,0.8734,6.157654
28,single_agent,-233.6255,86,0.8691,21.557898
29,single_agent,-279.6581,88,0.8647,12.180637
30,single_agent,-274.8641,87,0.8604,8.387468
31,single_agent,-257.9817,86,0.8561,14.268893
32,single_agent,-253.8219,88,0.8518,3.667587
33,single_agent,-262.3469,86,0.8475,11.109489
34,single_agent,-252.8128,86,0.8433,6.863511
35,single_agent,-274.6362,88,0.8391,20.630873
36,single_agent,-249.5488,87,0.8349,10.185868
37,single_agent,-249.8891,88,0.8307,7.786229
38,single_agent,-285.8466,87,0.8266,7.461842
39,single_agent,-269.4072,88,0.8224,16.225977
40,single_agent,-277.7094,87,0.8183,6.168880
41,single_agent,-260.0091,89,0.8142,7.793199
42,single_agent,-262.8891,88,0.8102,16.680944
43,single_agent,-267.7467,89,0.8061,7.642989
44,single_agent,-241.2317,86,0.8021,6.326193
45,single_agent,-251.3362,86,0.7981,9.293271
46,single_agent,-239.1324,86,0.7941,7.545488
47,single_agent,-261.1404,88,0.7901,9.972301
48,single_agent,-261.2219,88,0.7862,14.665077
49,single_agent,-262.3796,88,0.7822,12.230345
50,single_agent,-272.3799,88,0.7783,29.333944
51,single_agent,-264.1354,86,0.7744,13.614353
52,single_agent,-268.7408,88,0.7705,16.314970
53,single_agent,-249.4628,86,0.7667,6.284241
54,single_agent,-259.9475,88,0.7629,9.379554
55,single_agent,-237.8852,86,0.7590,13.202863
56,single_agent,-271.3709,88,0.7553,9.619028
57,single_agent,-272.7066,88,0.7515,12.605722
58,single_agent,-255.9217,86,0.7477,12.161098
59,single_agent,-272.3799,88,0.7440,12.997116
60,single_agent,-232.8628,86,0.7403,13.089236
61,single_agent,-244.1202,86,0.7366,12.383731
62,single_agent,-274.6416,88,0.7329,27.316961
63,single_agent,-230.3922,86,0.7292,20.588606
64,single_agent,-282.8811,90,0.7256,21.427639
65,single_agent,-272.7766,87,0.7219,16.780331
66,single_agent,-287.8154,89,0.7183,26.921980
67,single_agent,-267.3933,88,0.7147,19.362833
68,single_agent,-229.1362,86,0.7112,14.503930
69,single_agent,-227.8408,85,0.7076,25.147892
70,single_agent,-252.5019,88,0.7041,14.369803
71,single_agent,-255.5397,88,0.7005,15.323811
72,single_agent,-275.8567,87,0.6970,15.713749
73,single_agent,-233.1828,85,0.6936,13.713785
74,single_agent,-246.3617,86,0.6901,33.354042
75,single_agent,-292.8732,90,0.6866,20.186005
76,single_agent,-235.8828,86,0.6832,14.808734
77,single_agent,-244.1938,86,0.6798,11.663117
78,single_agent,-246.1405,86,0.6764,14.721922
79,single_agent,-255.4674,87,0.6730,7.878805
80,single_agent,-259.0350,86,0.6696,22.986416
1,multi_agent,-958.0300,78,0.9950,0.171769
2,multi_agent,-936.6267,78,0.9900,0.019186
3,multi_agent,-849.6000,73,0.9851,0.094190
4,multi_agent,-1002.5833,81,0.9801,0.075577
5,multi_agent,-887.9833,75,0.9752,0.072205
6,multi_agent,-959.1500,77,0.9704,0.290788
7,multi_agent,-932.5433,78,0.9655,0.039575
8,multi_agent,-973.8467,78,0.9607,0.784955
9,multi_agent,-924.7100,77,0.9559,0.099301
10,multi_agent,-992.5000,81,0.9511,0.647385
11,multi_agent,-963.7033,76,0.9464,0.411525
12,multi_agent,-869.5467,74,0.9416,0.263621
13,multi_agent,-934.6600,77,0.9369,0.169275
14,multi_agent,-901.0400,77,0.9322,0.311664
15,multi_agent,-926.1467,78,0.9276,0.121803
16,multi_agent,-1032.5000,80,0.9229,0.861435
17,multi_agent,-1004.9167,78,0.9183,0.139996
18,multi_agent,-1031.1833,80,0.9137,0.779313
19,multi_agent,-962.1833,78,0.9092,1.187580
20,multi_agent,-944.8367,78,0.9046,3.520207
21,multi_agent,-935.3267,78,0.9001,1.741384
22,multi_agent,-933.2267,78,0.8956,0.418655
23,multi_agent,-938.6300,78,0.8911,1.994262
24,multi_agent,-934.0733,78,0.8867,5.186571
25,multi_agent,-859.3900,74,0.8822,0.277021
26,multi_agent,-933.2367,78,0.8778,5.350609
27,multi_agent,-920.3367,77,0.8734,0.378082
28,multi_agent,-919.0533,78,0.8691,0.595740
29,multi_agent,-1002.4133,79,0.8647,2.788607
30,multi_agent,-915.6533,77,0.8604,2.549898
31,multi_agent,-994.7033,81,0.8561,2.628388
32,multi_agent,-934.2700,78,0.8518,4.465627
33,multi_agent,-860.9900,74,0.8475,0.257292
34,multi_agent,-914.6033,77,0.8433,0.867519
35,multi_agent,-926.0767,77,0.8391,3.659595
36,multi_agent,-947.9200,78,0.8349,0.894085
37,multi_agent,-1035.1767,78,0.8307,1.357257
38,multi_agent,-865.3467,75,0.8266,9.271861
39,multi_agent,-994.2267,81,0.8224,3.939875
40,multi_agent,-991.4267,81,0.8183,0.441907
41,multi_agent,-1022.8967,82,0.8142,0.932971
42,multi_agent,-954.6333,77,0.8102,3.447240
43,multi_agent,-1006.7900,78,0.8061,0.886384
44,multi_agent,-985.4067,81,0.8021,0.494644
45,multi_agent,-1032.9500,80,0.7981,3.349855
46,multi_agent,-907.2200,78,0.7941,7.838945
47,multi_agent,-934.7500,78,0.7901,4.874860
48,multi_agent,-1077.5367,82,0.7862,0.475132
49,multi_agent,-935.4500,78,0.7822,3.545903
50,multi_agent,-881.2233,75,0.7783,0.347711
51,multi_agent,-873.3167,75,0.7744,4.825953
52,multi_agent,-994.3700,81,0.7705,5.403956
53,multi_agent,-933.4400,78,0.7667,0.874754
54,multi_agent,-933.1700,78,0.7629,7.105826
55,multi_agent,-1035.9400,81,0.7590,4.169361
56,multi_agent,-973.3567,78,0.7553,0.669604
57,multi_agent,-1005.3333,78,0.7515,5.723671
58,multi_agent,-906.6767,77,0.7477,4.298457
59,multi_agent,-859.9533,74,0.7440,5.332740
60,multi_agent,-953.2300,78,0.7403,5.293120
61,multi_agent,-944.7033,78,0.7366,11.130381
62,multi_agent,-887.1167,75,0.7329,1.482644
63,multi_agent,-966.2167,81,0.7292,2.329344
64,multi_agent,-907.4167,78,0.7256,1.678921
65,multi_agent,-933.4400,78,0.7219,0.884484
66,multi_agent,-841.8767,73,0.7183,0.697689
67,multi_agent,-934.8678,76,0.7147,5.177476
68,multi_agent,-947.7400,78,0.7112,0.813137
69,multi_agent,-933.7367,78,0.7076,4.585590
70,multi_agent,-918.1367,77,0.7041,1.311623
71,multi_agent,-923.3133,78,0.7005,6.090719
72,multi_agent,-944.2567,78,0.6970,5.503213
73,multi_agent,-1016.2767,82,0.6936,9.832748
74,multi_agent,-908.5067,77,0.6901,4.716531
75,multi_agent,-998.5400,78,0.6866,13.831466
76,multi_agent,-933.4400,78,0.6832,0.704932
77,multi_agent,-991.7767,81,0.6798,2.002344
78,multi_agent,-984.5300,78,0.6764,1.721826
79,multi_agent,-958.3667,78,0.6730,10.597149
80,multi_agent,-936.5900,78,0.6696,8.416248
1,single_agent,1.00,-348.2633,90,0.9950,14.347612
2,single_agent,1.00,-352.7657,90,0.9900,4.876119
3,single_agent,1.00,-300.2183,88,0.9851,7.001674
4,single_agent,1.00,-311.8916,86,0.9801,5.572743
5,single_agent,1.00,-319.3065,88,0.9752,2.598830
6,single_agent,1.00,-286.4232,86,0.9704,4.289199
7,single_agent,1.00,-314.0483,86,0.9655,3.529299
8,single_agent,1.00,-302.0192,86,0.9607,9.095201
9,single_agent,1.00,-317.8254,89,0.9559,4.455519
10,single_agent,1.00,-291.0178,86,0.9511,10.907728
11,single_agent,1.00,-286.6826,86,0.9464,8.425755
12,single_agent,1.00,-358.4261,91,0.9416,7.318762
13,single_agent,1.00,-305.0546,87,0.9369,11.434845
14,single_agent,1.00,-299.3722,86,0.9322,8.165889
15,single_agent,1.00,-327.1028,88,0.9276,13.452289
16,single_agent,1.00,-338.0154,88,0.9229,11.951359
17,single_agent,1.00,-373.4801,93,0.9183,24.621061
18,single_agent,1.00,-316.9699,86,0.9137,8.024413
19,single_agent,1.00,-326.8658,87,0.9092,14.367599
20,single_agent,1.00,-322.2265,87,0.9046,9.697790
21,single_agent,1.00,-291.0510,86,0.9001,4.990239
22,single_agent,1.00,-338.0154,88,0.8956,8.515375
23,single_agent,1.00,-311.4425,88,0.8911,7.552567
24,single_agent,1.00,-318.3796,88,0.8867,8.081883
25,single_agent,1.00,-340.9984,90,0.8822,7.899285
26,single_agent,1.00,-319.1276,88,0.8778,21.657921
27,single_agent,1.00,-311.0251,86,0.8734,10.356827
28,single_agent,1.00,-336.8619,91,0.8691,6.670932
29,single_agent,1.00,-325.1993,88,0.8647,5.290559
30,single_agent,1.00,-279.6634,86,0.8604,6.812163
31,single_agent,1.00,-315.8834,87,0.8561,14.093955
32,single_agent,1.00,-306.5328,86,0.8518,9.022781
33,single_agent,1.00,-300.7058,86,0.8475,12.032257
34,single_agent,1.00,-344.5041,90,0.8433,8.437066
35,single_agent,1.00,-304.1829,88,0.8391,16.904232
36,single_agent,1.00,-300.0619,86,0.8349,12.165812
37,single_agent,1.00,-329.7458,88,0.8307,13.765901
38,single_agent,1.00,-309.8018,90,0.8266,16.981735
39,single_agent,1.00,-301.8070,88,0.8224,5.858147
40,single_agent,1.00,-275.1584,86,0.8183,14.653708
41,single_agent,1.00,-285.1178,86,0.8142,6.762979
42,single_agent,1.00,-316.3639,86,0.8102,12.659038
43,single_agent,1.00,-304.5532,88,0.8061,19.471611
44,single_agent,1.00,-316.0509,88,0.8021,12.396896
45,single_agent,1.00,-409.7685,94,0.7981,20.305016
46,single_agent,1.00,-280.2111,85,0.7941,17.599682
47,single_agent,1.00,-339.7654,90,0.7901,8.302654
48,single_agent,1.00,-301.9563,88,0.7862,18.971590
49,single_agent,1.00,-303.7857,88,0.7822,15.794080
50,single_agent,1.00,-305.8261,88,0.7783,22.663603
51,single_agent,1.00,-300.4156,86,0.7744,13.657709
52,single_agent,1.00,-279.6634,86,0.7705,8.627054
53,single_agent,1.00,-316.5770,88,0.7667,14.678287
54,single_agent,1.00,-303.2640,88,0.7629,8.762595
55,single_agent,1.00,-300.3643,88,0.7590,14.384808
56,single_agent,1.00,-296.5375,86,0.7553,18.739243
57,single_agent,1.00,-277.0421,85,0.7515,8.223242
58,single_agent,1.00,-349.0136,90,0.7477,13.543013
59,single_agent,1.00,-316.9878,88,0.7440,19.671749
60,single_agent,1.00,-392.4785,93,0.7403,17.747942
61,single_agent,1.00,-316.6353,88,0.7366,19.110960
62,single_agent,1.00,-285.1178,86,0.7329,30.109882
63,single_agent,1.00,-368.3810,91,0.7292,20.901014
64,single_agent,1.00,-280.1907,86,0.7256,14.408991
65,single_agent,1.00,-329.2886,90,0.7219,23.076836
66,single_agent,1.00,-322.2014,88,0.7183,23.718695
67,single_agent,1.00,-355.7574,92,0.7147,27.661377
68,single_agent,1.00,-295.2483,86,0.7112,21.044825
69,single_agent,1.00,-316.6681,90,0.7076,32.124516
70,single_agent,1.00,-294.6133,86,0.7041,32.712414
71,single_agent,1.00,-385.0169,93,0.7005,14.794657
72,single_agent,1.00,-281.6800,85,0.6970,27.628685
73,single_agent,1.00,-306.5351,88,0.6936,14.385266
74,single_agent,1.00,-333.1531,90,0.6901,20.061211
75,single_agent,1.00,-296.8394,86,0.6866,11.612600
76,single_agent,1.00,-284.1878,86,0.6832,30.614481
77,single_agent,1.00,-313.2900,88,0.6798,29.155291
78,single_agent,1.00,-306.5351,88,0.6764,16.848225
79,single_agent,1.00,-296.4849,85,0.6730,14.737659
80,single_agent,1.00,-312.4448,86,0.6696,40.899010
1,independent_marl,1.00,-1194.9750,78,0.9950,0.181869
2,independent_marl,1.00,-1107.7933,77,0.9900,0.033497
3,independent_marl,1.00,-1104.5583,78,0.9851,0.270099
4,independent_marl,1.00,-1126.2033,78,0.9801,0.204012
5,independent_marl,1.00,-1127.9183,78,0.9752,0.038813
6,independent_marl,1.00,-1038.7567,74,0.9704,0.232268
7,independent_marl,1.00,-1198.3017,81,0.9655,0.672779
8,independent_marl,1.00,-1115.0967,78,0.9607,1.048339
9,independent_marl,1.00,-1037.9883,74,0.9559,0.957980
10,independent_marl,1.00,-1132.7917,78,0.9511,0.166636
11,independent_marl,1.00,-1181.6283,80,0.9464,0.184818
1,coordinated_marl,1.00,-892.3882,78,0.9950,0.131300
2,coordinated_marl,1.00,-1078.9385,82,0.9900,0.036052
3,coordinated_marl,1.00,-930.9382,78,0.9851,0.096825
4,coordinated_marl,1.00,-823.3607,74,0.9801,0.026002
5,coordinated_marl,1.00,-962.0678,81,0.9752,0.041521
6,coordinated_marl,1.00,-894.0370,78,0.9704,0.867705
7,coordinated_marl,1.00,-895.7325,75,0.9655,0.089273
8,coordinated_marl,1.00,-901.8774,78,0.9607,1.304097
9,coordinated_marl,1.00,-1062.0726,81,0.9559,0.072544
10,coordinated_marl,1.00,-821.3479,75,0.9511,0.096432
11,coordinated_marl,1.00,-983.3848,81,0.9464,0.148180
12,coordinated_marl,1.00,-871.0812,74,0.9416,1.400044
13,coordinated_marl,1.00,-1003.7071,81,0.9369,0.336685
14,coordinated_marl,1.00,-984.9509,78,0.9322,0.258785
15,coordinated_marl,1.00,-892.9892,78,0.9276,0.739665
16,coordinated_marl,1.00,-812.4018,75,0.9229,2.046664
17,coordinated_marl,1.00,-946.7043,78,0.9183,0.286021
18,coordinated_marl,1.00,-969.3305,78,0.9137,0.373786
19,coordinated_marl,1.00,-818.4813,75,0.9092,0.229117
20,coordinated_marl,1.00,-941.9209,80,0.9046,0.287648
21,coordinated_marl,1.00,-869.0095,75,0.9001,0.366953
22,coordinated_marl,1.00,-911.7187,78,0.8956,0.360356
23,coordinated_marl,1.00,-892.7216,78,0.8911,0.398860
24,coordinated_marl,1.00,-890.2931,78,0.8867,3.752439
25,coordinated_marl,1.00,-870.2684,78,0.8822,5.560951
26,coordinated_marl,1.00,-893.6892,78,0.8778,0.615261
27,coordinated_marl,1.00,-833.2570,74,0.8734,4.379635
28,coordinated_marl,1.00,-959.5106,81,0.8691,3.547778
29,coordinated_marl,1.00,-816.8518,74,0.8647,5.271509
30,coordinated_marl,1.00,-966.7682,81,0.8604,0.591254
31,coordinated_marl,1.00,-845.9198,74,0.8561,3.865337
32,coordinated_marl,1.00,-970.7144,80,0.8518,3.930279
33,coordinated_marl,1.00,-897.7887,78,0.8475,0.895515
34,coordinated_marl,1.00,-986.2641,81,0.8433,0.660168
35,coordinated_marl,1.00,-816.5834,74,0.8391,0.392737
36,coordinated_marl,1.00,-873.4779,78,0.8349,8.453694
37,coordinated_marl,1.00,-890.1116,77,0.8307,0.885092
38,coordinated_marl,1.00,-998.1116,78,0.8266,0.772274
39,coordinated_marl,1.00,-965.6754,78,0.8224,0.531874
40,coordinated_marl,1.00,-873.5622,77,0.8183,0.829244
41,coordinated_marl,1.00,-932.1950,78,0.8142,0.396174
42,coordinated_marl,1.00,-941.4038,80,0.8102,6.745647
43,coordinated_marl,1.00,-813.8748,74,0.8061,0.928001
44,coordinated_marl,1.00,-978.3598,80,0.8021,6.014030
45,coordinated_marl,1.00,-893.4387,78,0.7981,6.069725
46,coordinated_marl,1.00,-1051.1920,81,0.7941,1.076041
47,coordinated_marl,1.00,-894.0081,78,0.7901,0.544543
48,coordinated_marl,1.00,-1043.8818,80,0.7862,0.658407
49,coordinated_marl,1.00,-908.9484,78,0.7822,3.618998
50,coordinated_marl,1.00,-835.5540,75,0.7783,23.423992
51,coordinated_marl,1.00,-915.9233,78,0.7744,3.878193
52,coordinated_marl,1.00,-811.9558,74,0.7705,0.689863
53,coordinated_marl,1.00,-858.1873,75,0.7667,1.089428
54,coordinated_marl,1.00,-897.6561,78,0.7629,4.187128
55,coordinated_marl,1.00,-894.3240,78,0.7590,5.477710
56,coordinated_marl,1.00,-975.0940,78,0.7553,14.770791
57,coordinated_marl,1.00,-946.6012,80,0.7515,7.938093
58,coordinated_marl,1.00,-797.1867,78,0.7477,8.652140
59,coordinated_marl,1.00,-898.1935,78,0.7440,13.671519
60,coordinated_marl,1.00,-959.9713,81,0.7403,26.151169
61,coordinated_marl,1.00,-904.8976,78,0.7366,0.798064
62,coordinated_marl,1.00,-967.4505,81,0.7329,8.017224
63,coordinated_marl,1.00,-1021.2620,81,0.7292,11.306998
64,coordinated_marl,1.00,-747.5557,74,0.7256,14.007335
65,coordinated_marl,1.00,-827.7341,76,0.7219,4.628105
66,coordinated_marl,1.00,-823.4363,75,0.7183,0.949237
67,coordinated_marl,1.00,-851.5450,75,0.7147,1.596022
68,coordinated_marl,1.00,-956.9127,78,0.7112,6.004264
69,coordinated_marl,1.00,-893.6892,78,0.7076,3.548596
70,coordinated_marl,1.00,-927.4666,78,0.7041,0.971106
71,coordinated_marl,1.00,-825.9622,78,0.7005,10.946166
72,coordinated_marl,1.00,-912.9273,78,0.6970,1.140074
73,coordinated_marl,1.00,-892.8356,77,0.6936,2.351929
74,coordinated_marl,1.00,-883.2966,74,0.6901,2.551866
75,coordinated_marl,1.00,-1024.5619,80,0.6866,1.147707
76,coordinated_marl,1.00,-892.9454,78,0.6832,5.979152
77,coordinated_marl,1.00,-948.7790,78,0.6798,6.590879
78,coordinated_marl,1.00,-908.8072,77,0.6764,4.880286
79,coordinated_marl,1.00,-894.0392,78,0.6730,9.614761
80,coordinated_marl,1.00,-892.7387,78,0.6696,6.670589
